{
  "iteration": 7,
  "params": {
    "base_first_stop_frac": -1.42791249933346,
    "base_second_stop_frac": 0.5535358813844371,
    "base_final_stint_frac": -0.9053873183613064,
    "lapband_short_bias": 1.642552908523541,
    "lapband_mid_short_bias": 0.6250761573099606,
    "lapband_mid_bias": -1.8553491580212151,
    "lapband_long_bias": -1.9782806634851982,
    "tempband_cool_bias": -0.8966841659712022,
    "tempband_mild_bias": 0.21185035529545537,
    "tempband_warm_bias": 0.6029636217188306,
    "tempband_hot_bias": -0.522894358745223,
    "soft_offset": -0.5011823141538543,
    "soft_fresh_linear": 0.0028615970076630195,
    "soft_wear_linear": 0.25621204780116874,
    "soft_wear_quadratic": 0.009350158871550525,
    "soft_temp_wear": 0.004746596195074093,
    "soft_cliff_penalty": 0.25943623519359116,
    "soft_frac_bias": 1.0139406559661492,
    "soft_lapband_short": -0.07357579207246938,
    "soft_lapband_mid_short": -0.04771486228495114,
    "soft_lapband_mid": -0.06001221131109711,
    "soft_lapband_long": 0.0007249584308778445,
    "soft_tempband_cool": 0.03923010053261512,
    "soft_tempband_mild": 0.020801895132223792,
    "soft_tempband_warm": 0.0561809759619096,
    "soft_tempband_hot": -0.05516592120942546,
    "medium_offset": 0.32231796548329084,
    "medium_fresh_linear": 0.007721659634756164,
    "medium_wear_linear": 0.07790622518449203,
    "medium_wear_quadratic": 0.0051143805323284755,
    "medium_temp_wear": 0.003924778182614991,
    "medium_cliff_penalty": 0.13396241301610184,
    "medium_frac_bias": -1.3364990550261133,
    "medium_lapband_short": 0.01860943518840525,
    "medium_lapband_mid_short": -0.07322391174717327,
    "medium_lapband_mid": 0.06146331381869075,
    "medium_lapband_long": 0.03353252561609931,
    "medium_tempband_cool": -0.052299544572399485,
    "medium_tempband_mild": -0.06532463906812831,
    "medium_tempband_warm": -0.05063468337914896,
    "medium_tempband_hot": 0.0768043487286708,
    "hard_offset": 0.8254091564252817,
    "hard_fresh_linear": 0.02136323793365632,
    "hard_wear_linear": 0.08364083421077768,
    "hard_wear_quadratic": 0.0028620657497931867,
    "hard_temp_wear": 0.0004353907639951491,
    "hard_cliff_penalty": 0.11406268989139046,
    "hard_frac_bias": -0.5959721024558462,
    "hard_lapband_short": 0.012482754529206748,
    "hard_lapband_mid_short": 0.03196415113425058,
    "hard_lapband_mid": 0.023877304839249422,
    "hard_lapband_long": 0.07049510555128295,
    "hard_tempband_cool": -0.05624976161279072,
    "hard_tempband_mild": 0.0013364381515107305,
    "hard_tempband_warm": -0.015354497481477445,
    "hard_tempband_hot": -0.0041330032827811
  },
  "thresholds": {
    "SOFT": 8,
    "MEDIUM": 16,
    "HARD": 23
  },
  "cliff_thresholds": {
    "SOFT": 10,
    "MEDIUM": 19,
    "HARD": 27
  },
  "train_metrics": {
    "races": 300,
    "exact_order_accuracy": 0.03,
    "top3_set_accuracy": 0.4866666666666667,
    "top5_set_accuracy": 0.36333333333333334,
    "mean_kendall_tau": 0.8000350877192983,
    "mean_spearman_rho": 0.8874937343358394
  },
  "validation_metrics": {
    "races": 120,
    "exact_order_accuracy": 0.008333333333333333,
    "top3_set_accuracy": 0.5583333333333333,
    "top5_set_accuracy": 0.35833333333333334,
    "mean_kendall_tau": 0.8224561403508772,
    "mean_spearman_rho": 0.9074310776942357
  }
}