{
  "validation": {
    "xgb_ranker": {
      "races": 1970,
      "exact_order_accuracy": 0.30761421319796955,
      "top3_set_accuracy": 0.9071065989847715,
      "top5_set_accuracy": 0.8984771573604061,
      "mean_kendall_tau": 0.9845204381512158,
      "mean_spearman_rho": 0.9971756803175451
    }
  },
  "test": {
    "xgb_ranker": {
      "races": 1924,
      "exact_order_accuracy": 0.3087318087318087,
      "top3_set_accuracy": 0.9095634095634095,
      "top5_set_accuracy": 0.8955301455301455,
      "mean_kendall_tau": 0.9839205602363498,
      "mean_spearman_rho": 0.997060478639426
    }
  },
  "specialist_filter": {
    "train_races": 6000,
    "validation_races": 1970,
    "test_races": 1924
  }
}