{
  "validation": {
    "physics_blend": {
      "races": 4500,
      "exact_order_accuracy": 0.0026666666666666666,
      "top3_set_accuracy": 0.4891111111111111,
      "top5_set_accuracy": 0.43,
      "mean_kendall_tau": 0.8394292397660819,
      "mean_spearman_rho": 0.9246138680033417
    },
    "lgbm_ranker": {
      "races": 4500,
      "exact_order_accuracy": 0.049555555555555554,
      "top3_set_accuracy": 0.4106666666666667,
      "top5_set_accuracy": 0.4866666666666667,
      "mean_kendall_tau": 0.9145637426900584,
      "mean_spearman_rho": 0.9664517961570592
    }
  },
  "test": {
    "physics_blend": {
      "races": 4500,
      "exact_order_accuracy": 0.0017777777777777779,
      "top3_set_accuracy": 0.4988888888888889,
      "top5_set_accuracy": 0.4108888888888889,
      "mean_kendall_tau": 0.8372771929824562,
      "mean_spearman_rho": 0.9225079365079364
    },
    "lgbm_ranker": {
      "races": 4500,
      "exact_order_accuracy": 0.058222222222222224,
      "top3_set_accuracy": 0.41844444444444445,
      "top5_set_accuracy": 0.4951111111111111,
      "mean_kendall_tau": 0.9156865497076024,
      "mean_spearman_rho": 0.9669029239766082
    }
  }
}