{
  "validation": {
    "physics_blend": {
      "races": 4500,
      "exact_order_accuracy": 0.0026666666666666666,
      "top3_set_accuracy": 0.4891111111111111,
      "top5_set_accuracy": 0.43,
      "mean_kendall_tau": 0.8394292397660819,
      "mean_spearman_rho": 0.9246138680033417
    },
    "xgb_ranker": {
      "races": 4500,
      "exact_order_accuracy": 0.37,
      "top3_set_accuracy": 0.8897777777777778,
      "top5_set_accuracy": 0.8817777777777778,
      "mean_kendall_tau": 0.9817426900584796,
      "mean_spearman_rho": 0.9958736842105261
    }
  },
  "test": {
    "physics_blend": {
      "races": 4500,
      "exact_order_accuracy": 0.0017777777777777779,
      "top3_set_accuracy": 0.4988888888888889,
      "top5_set_accuracy": 0.4108888888888889,
      "mean_kendall_tau": 0.8372771929824562,
      "mean_spearman_rho": 0.9225079365079364
    },
    "xgb_ranker": {
      "races": 4500,
      "exact_order_accuracy": 0.37355555555555553,
      "top3_set_accuracy": 0.8986666666666666,
      "top5_set_accuracy": 0.8853333333333333,
      "mean_kendall_tau": 0.9824514619883042,
      "mean_spearman_rho": 0.9961306599832915
    }
  }
}