{
  "validation": {
    "races": 4500,
    "exact_order_accuracy": 0.0,
    "top3_set_accuracy": 0.025777777777777778,
    "top5_set_accuracy": 0.01577777777777778,
    "mean_kendall_tau": 0.4295415204678363,
    "mean_spearman_rho": 0.5377353383458646
  },
  "test": {
    "races": 4500,
    "exact_order_accuracy": 0.0,
    "top3_set_accuracy": 0.02711111111111111,
    "top5_set_accuracy": 0.013777777777777778,
    "mean_kendall_tau": 0.4271017543859649,
    "mean_spearman_rho": 0.5332357560568087
  }
}