{
  "validation": {
    "base": {
      "races": 1154,
      "exact_order_accuracy": 0.47053726169844023,
      "top3_set_accuracy": 0.8821490467937608,
      "top5_set_accuracy": 0.8934142114384749
    },
    "tiebreak": {
      "races": 1154,
      "exact_order_accuracy": 0.3752166377816291,
      "top3_set_accuracy": 0.8778162911611785,
      "top5_set_accuracy": 0.7946273830155979
    },
    "pair_rows": 7362
  },
  "test": {
    "base": {
      "races": 1195,
      "exact_order_accuracy": 0.4895397489539749,
      "top3_set_accuracy": 0.9087866108786611,
      "top5_set_accuracy": 0.895397489539749
    },
    "tiebreak": {
      "races": 1195,
      "exact_order_accuracy": 0.3907949790794979,
      "top3_set_accuracy": 0.902928870292887,
      "top5_set_accuracy": 0.802510460251046
    }
  }
}