{
  "validation": {
    "races": 4500,
    "exact_order_accuracy": 0.0,
    "top3_set_accuracy": 0.05733333333333333,
    "top5_set_accuracy": 0.028666666666666667
  },
  "test": {
    "races": 4500,
    "exact_order_accuracy": 0.0,
    "top3_set_accuracy": 0.06244444444444444,
    "top5_set_accuracy": 0.030666666666666665
  },
  "config": {
    "train_races": 6000,
    "top_k": 7
  }
}